,SSA,PS,C,H,O,N,ASH,pHBC,EC,BCA,SM,T,TS,VS,pHAD,DT,MY,Rmax
0,25.3,1,12.54,1.006,1.27,0.13,85.054,6.85,0.26,10,17.415,35,39.5,88.2,6.85,50,189,19.68
1,16.99,0.35,65.11,2.6,31.22,0.01,0.98,5.62,0.468,10,0.8667,25,4.96,71.77,7.05,31,150.92,3.231441048
2,13.17,0.35,72.67,1.97,23.69,0.13,1.47,5.77,0.499,10,0.8667,25,4.96,71.77,7.05,31,147.44,2.925764192
3,18.36,0.35,78.94,1.77,15.9,0.48,2.87,6.08,0.512,10,0.8667,25,4.96,71.77,7.05,31,147.44,2.969432314
4,18.39,0.35,80.31,0.24,16.05,0.14,3.2,6.13,0.636,10,0.8667,25,4.96,71.77,7.05,31,81.37,1.746724891
5,16.99,0.35,65.11,2.6,31.22,0.01,0.98,5.62,0.468,10,0.8667,37,4.96,71.77,7.05,13.5,187.09,15.63318777
6,13.17,0.35,72.67,1.97,23.69,0.13,1.47,5.77,0.499,10,0.8667,37,4.96,71.77,7.05,13.5,187.09,15.63318777
7,18.36,0.35,78.94,1.77,15.9,0.48,2.87,6.08,0.512,10,0.8667,37,4.96,71.77,7.05,13.5,182.18,15.80786026
8,18.39,0.35,80.31,0.24,16.05,0.14,3.2,6.13,0.636,10,0.8667,37,4.96,71.77,7.05,13.5,179.36,14.75982533
9,16.99,0.35,65.11,2.6,31.22,0.01,0.98,5.62,0.468,10,0.8667,55,4.96,71.77,7.05,22,183.58,10.91703057
10,13.17,0.35,72.67,1.97,23.69,0.13,1.47,5.77,0.499,10,0.8667,55,4.96,71.77,7.05,22,148.39,10.74235808
11,18.36,0.35,78.94,1.77,15.9,0.48,2.87,6.08,0.512,10,0.8667,55,4.96,71.77,7.05,22,162.14,10.56768559
12,18.39,0.35,80.31,0.24,16.05,0.14,3.2,6.13,0.636,10,0.8667,55,4.96,71.77,7.05,22,197.14,9.868995633
13,1.99,0.85,61.64,5.47,25.37,0.69,6.83,9.23,0.03788,10,3,37,27.18,93.819,7.43338,38,321.57,43.6059
14,252.97,0.85,71.4,2.71,6.46,0.4,19.03,9.49,0.04713,10,3,37,27.18,93.819,7.740741064,38,424.51,45.3119
15,263.24,0.85,76.01,1.56,2.28,0,20.15,9.64,0.05319,10,3,37,27.18,93.819,8.357297447,38,492.16,53.6319
16,56.6,0.15,65.31,2.09,12.82,0.29,20.8,8.3,0.324992255,6.2,19.9596,35,11.6,56.9,6.75,34,149,17.18
17,56.6,0.15,65.31,2.09,12.82,0.29,20.8,8.3,0.848182309,15.9,19.9596,35,11.6,56.9,6.75,34,185,17.08
18,56.6,0.15,65.31,2.09,12.82,0.29,20.8,8.3,1.553126031,26.1,19.9596,35,11.6,56.9,6.75,34,199,13.79
19,56.6,0.15,65.31,2.09,12.82,0.29,20.8,8.3,1.550881258,34.2,19.9596,35,11.6,56.9,6.75,34,138,10.74
20,26.3,0.15,69.88,1.92,19.82,1.03,3.6,9.7,0.534560209,6.2,19.9596,35,11.6,56.9,6.75,34,141,13.34
21,26.3,0.15,69.88,1.92,19.82,1.03,3.6,9.7,0.679698993,15.9,19.9596,35,11.6,56.9,6.75,34,153,13.93
22,26.3,0.15,69.88,1.92,19.82,1.03,3.6,9.7,1.349125538,26.1,19.9596,35,11.6,56.9,6.75,34,169,14.56
23,26.3,0.15,69.88,1.92,19.82,1.03,3.6,9.7,1.339530338,34.2,19.9596,35,11.6,56.9,6.75,34,184,15.02
24,1.92,0.15,16.86,1.62,26.63,2.27,56.3,9.5,2.380627909,6.2,19.9596,35,11.6,56.9,6.75,34,141,10.03
25,1.92,0.15,16.86,1.62,26.63,2.27,56.3,9.5,2.538802689,15.9,19.9596,35,11.6,56.9,6.75,34,156,12.57
26,1.92,0.15,16.86,1.62,26.63,2.27,56.3,9.5,2.910912054,26.1,19.9596,35,11.6,56.9,6.75,34,168,13.71
27,1.92,0.15,16.86,1.62,26.63,2.27,56.3,9.5,2.900902854,34.2,19.9596,35,11.6,56.9,6.75,34,125,11.92
28,160.66,1,37.36,3.55,58.49,0.6,1.6,8.7,12.13677513,3,2.124,35,23.46,90.53,6.2,11,27.8,7.045
29,169.71,1,37.36,3.55,58.49,0.6,1.6,8.7,13.36639344,6,2.124,35,23.46,90.53,6.2,11,40.3,7.825
30,246.11,1,37.36,3.55,58.49,0.6,1.6,8.7,13.36959313,12,2.124,35,23.46,90.53,6.2,11,30.5,7.045
31,261.15,1,37.36,3.55,58.49,0.6,1.6,8.7,13.92834199,25,2.124,35,23.46,90.53,6.2,11,110.3,21.915
32,264.31,1,37.36,3.55,58.49,0.6,1.6,8.7,13.96659782,50,2.124,35,23.46,90.53,6.2,11,126.7,28.825
33,248.6,0.625,74.5,4.8,12.2,0.4,7.8,9.2,14.8956078,2,0.31638,35,8.8,89.88,7.2,37.5,362.223,27.49857766
34,248.6,0.625,74.5,4.8,12.2,0.4,7.8,9.2,14.89456581,6,0.31638,35,8.8,89.88,7.2,37.5,367.28,29.7111069
35,248.6,0.625,74.5,4.8,12.2,0.4,7.8,9.2,14.88663966,10,0.31638,35,8.8,89.88,7.2,37.5,354.321,25.91819963
36,248.6,0.625,74.5,4.8,12.2,0.4,7.8,9.2,15.24784004,15,0.31638,35,8.8,89.88,7.2,37.5,346.103,24.65389721
37,221,0.675,65.7,2.7,19.3,0.6,11.7,9.9,7.582960186,30,2,37,100,100,7.9,28,285.46,28.08
38,237,0.675,76.5,1.4,7,0.8,14.3,9.3,10.43730086,30,2,37,100,100,7.8,28,251.63,13.06
39,39,0.675,26.1,1.2,54.7,1.4,23.4,9.1,10.33313574,30,2,37,100,100,7.7,28,294.15,27.31
40,90,0.675,38.7,0.8,21,2.2,37.3,10.6,11.72210167,30,2,37,100,100,7.8,28,266.03,12.32
41,72,0.675,39.2,1.8,21.6,2.4,33.3,11.1,6.976981197,30,2,37,100,100,9.8,28,38.25,4.88
42,64,0.675,40.4,0.9,21.5,2.7,34.6,12.1,233.8943607,30,2,37,100,100,9.1,28,41.05,1.9
43,4.2,0.625,42.3,3.6,23.4,1.9,15.4,7.6,7.00E-05,15,0.2482,35,100,100,7,38,772.361,43.51329573
44,9.4,0.625,43.9,2,19.2,1.7,19.9,8.5,0.0019,15,0.2482,35,100,100,7,38,751.41,44.3190975
45,77.8,0.625,49.4,1.2,15.9,1.2,22.6,8.9,26.0714,15,0.2482,35,100,100,7,38,743.755,41.90169218
46,9.2,0.625,66.6,6.9,18.5,0.4,5.3,7.3,3.50E-07,15,0.2482,35,100,100,7,38,734.488,43.91619662
47,83.6,0.625,74.5,4.8,12.2,0.4,7.8,9.2,0.0001,15,0.2482,35,100,100,7,38,722.804,56.00322321
48,181.3,0.625,78.8,3.9,10.9,0.4,15,10,69.7857,15,0.2482,35,100,100,7,38,703.868,41.90169218
49,29.8,0.15,55.02,5.12,25.72,0.62,17.1,8.2,6.211940242,8,19.9596,35,11.6,56.9,6.75,34,184.12,11.04
50,32.8,0.15,64.82,4.37,19.13,0.38,19,8.3,6.865405544,8,19.9596,35,11.6,56.9,6.75,34,195.77,12.64
51,56.6,0.15,65.31,2.09,12.82,0.29,20.8,8.3,0.325834505,8,19.9596,35,11.6,56.9,6.75,34,218.45,13.82
52,16.1,0.15,58.12,3.92,29.32,1.52,2.5,9.3,10.51181472,8,19.9596,35,11.6,56.9,6.75,34,143.85,9.25
53,18.9,0.15,66.09,2.17,27.08,1.29,2.7,9.5,0.53864118,8,19.9596,35,11.6,56.9,6.75,34,125.5,9.94
54,26.3,0.15,69.88,1.92,19.82,1.03,3.6,9.7,0.55460449,8,19.9596,35,11.6,56.9,6.75,34,174.44,10.05
55,2.32,0.15,15.02,1.83,27.2,2.73,42.2,8.7,197.2557476,8,19.9596,35,11.6,56.9,6.75,34,155.86,12.6
56,1.92,0.15,16.86,1.62,26.63,2.27,56.3,9.5,2.372586449,8,19.9596,35,11.6,56.9,6.75,34,207.49,13.06
57,12.7,0.15,17.63,1.21,19.08,2.09,67.3,11.1,4.60111021,8,19.9596,35,11.6,56.9,6.75,34,165.85,10.85
58,240,0.184,74.5,1.51,23.27,0.7,47.4,1.59,0.394856656,10,7.0953421,37,31.1,97.1,7,50,216,17.13
59,240,0.184,74.6,2.51,23.28,0.8,47.5,1.59,1.127779881,30,7.253290892,37,31.1,97.1,7,50,307,20.58
60,240,0.184,74.7,3.51,23.29,0.9,47.6,1.59,4.778375186,10,2.817385652,37,2.87,81.115,7,50,363,21.42
61,240,0.184,74.8,4.51,23.3,0.1,47.7,1.59,14.62719724,30,3.104105776,37,2.87,81.115,7,50,428,27.51
62,240,0.184,74.9,5.51,23.31,0.11,47.8,1.59,15.34341169,10,3.437133857,37,4.8904,88.3931,7,50,501,20.53
63,240,0.184,74.1,6.51,23.32,0.12,47.9,1.59,30.69329,30,3.181512317,37,4.8904,88.3931,7,50,705,27.66
64,6.3,0.51,11.7,0.56,16.76,1.3,69.63,9.27738,3.942194657,1,15.82235195,20,9.654,20.67,7.7,35,309.43,21.4
65,6.3,0.51,11.7,0.56,16.76,1.3,69.63,9.33342,3.936392417,10,12.98953589,20,9.654,20.67,7.7,35,366.04,24.31
66,6.3,0.51,11.7,0.56,16.76,1.3,69.63,9.40895,4.043856107,1,12.92591546,35,9.654,20.67,7.7,35,400.94,29.85
67,6.3,0.51,11.7,0.56,16.76,1.3,69.63,9.40035,5.054051784,10,12.67743038,35,9.654,20.67,7.7,35,477.39,37.35
68,6.3,0.51,11.7,0.56,16.76,1.3,69.63,9.59403,4.918357893,1,13.06128448,55,9.654,20.67,7.7,35,383.33,31.07
69,6.3,0.51,11.7,0.56,16.76,1.3,69.63,9.5875,4.98236886,10,12.770732,55,9.654,20.67,7.7,35,428.57,38.49
70,130,0.0147,77.9,3.7,13.7,0.3,6.3,9.6,8.631573284,8.3,0.4879,35,61.2,97.2,7,31,139.7745,19.18426
71,130,0.0147,77.9,3.7,13.7,0.3,6.3,9.6,9.363571177,16.6,0.4879,35,61.2,97.2,7,31,130.0225,19.67616
72,130,0.0147,77.9,3.7,13.7,0.3,6.3,9.6,9.959608608,25.1,0.4879,35,61.2,97.2,7,31,117.5897,17.83152
73,130,0.0147,77.9,3.7,13.7,0.3,6.3,9.6,10.03552664,33.3,0.4879,35,61.2,97.2,7,31,114.5768,16.97069
74,39.19,0.25,65.26,3.03,23.58,0.49,7.64,7.7,0.10357,10,0.154,37,2.75,56,7.7,5,470,44.5
75,290.85,0.25,67.65,2.82,12.38,0.43,16.72,9,0.08387,10,0.154,37,2.75,56,9,5,470,44.1
76,296.6,0.25,71.41,2.06,5.34,0.39,20.8,9.4,0.08677,10,0.154,37,2.75,56,9.4,5,508,49.9
77,296.6,0.25,71.41,2.06,5.34,0.39,20.8,8.8,0.08677,10,0.203,37,12.98,85.7,8.8,5,89,45.3
78,307.27,0.25,71.41,2.06,5.34,0.39,20.8,8.8,0.0766,10,0.203,37,12.98,85.7,8.8,24,85,43.8
79,307.27,0.25,71.41,2.06,5.34,0.39,20.8,8.8,0.0766,10,0.203,37,12.98,85.7,8.8,24,92,42.8
80,307.27,0.25,71.41,2.06,5.34,0.39,20.8,8.8,0.0766,10,0.203,37,12.98,85.7,8.8,24,71,34.4
81,307.27,0.25,71.41,2.06,5.34,0.39,20.8,8.8,0.0766,10,0.203,37,12.98,85.7,8.8,24,62,32.3
82,296.6,0.25,71.41,2.06,5.34,0.39,20.8,8.8,0.0766,10,0.105,37,3.73,48.5,8.8,10,267,139.5
83,307.27,0.25,71.41,2.06,5.34,0.39,20.8,8.8,0.0766,10,0.105,37,3.73,48.5,8.8,10,275,132.9
84,307.27,0.25,71.41,2.06,5.34,0.39,20.8,8.8,0.0766,10,0.105,37,3.73,48.5,8.8,10,294,146.7
85,307.27,0.25,71.41,2.06,5.34,0.39,20.8,8.8,0.0766,10,0.105,37,3.73,48.5,8.8,10,260,128.7
86,307.27,0.25,71.41,2.06,5.34,0.39,20.8,8.8,0.0766,10,0.105,37,3.73,48.5,8.8,10,197,56.6
87,296.6,0.25,71.41,2.06,5.34,0.39,20.8,8.8,0.0766,10,10,37,29.3,89.5,8.8,18,89,45.3
88,307.27,0.25,71.41,2.06,5.34,0.39,20.8,8.8,0.0766,10,10,37,29.3,89.5,8.8,18,92,44.2
89,296.6,0.25,71.41,2.06,5.34,0.39,20.8,8.8,0.0766,10,20,37,29.3,89.5,8.8,18,185,473
90,307.27,0.25,71.41,2.06,5.34,0.39,20.8,8.8,0.0766,10,20,37,29.3,89.5,8.8,18,175,48.9
91,296.6,0.25,71.41,2.06,5.34,0.39,20.8,8.8,0.0766,10,30,37,29.3,89.5,8.8,18,180,25.7
92,307.27,0.25,71.41,2.06,5.34,0.39,20.8,8.8,0.0766,10,30,37,29.3,89.5,8.8,18,197,41.4
93,169.24277,0.75,83.2,3.24,7.24,0.4,5.49,8.63,10.79988216,10,1,35,100,100,7,21,314.87,50.21
94,169.84275,0.75,83.2,3.24,7.24,0.4,5.49,8.63,10.87022309,10,2,35,100,100,7,27,304.83,46.64
95,171.54389,0.75,83.2,3.24,7.24,0.4,5.49,8.63,12.05769151,10,3,35,100,100,7,31,287.64,34.14
96,168.3209,0.75,83.2,3.24,7.24,0.4,5.49,8.63,12.07968093,10,4,35,100,100,7,38,272.91,22.76
97,171.54389,0.75,83.2,3.24,7.24,0.4,5.49,8.63,12.05769151,10,3,35,100,100,7,31,287.64,34.14
98,167.46207,3.5,83.2,3.24,7.24,0.4,5.49,8.63,12.08366377,10,3,35,100,100,7,31,294.78,34.37
99,168.7852,1.125,83.2,3.24,7.24,0.4,5.49,8.63,11.01035637,10,3,35,100,100,7,31,320.45,47.98
100,76.7992684,0.048,45.7,2.343626,41.7,0.92063,5.88515,4.5229,1.736014782,10,0.50625,35,0.158,100,7,6.67,124.4444444,37.92592593
101,70.4684461,0.048,37.3,2.344326,31.8,0.94668,8.40121,4.56596,1.617008875,10,0.50625,35,0.158,100,7,6.67,160.3950617,64.47407407
102,89.3819721,0.048,55.1,2.380126,25.9,0.8914,5.02729,4.57375,1.591029114,10,0.50625,35,0.158,100,7,6.67,133.9259259,41.71851852
103,102.2812607,0.048,21.4,1.962706,33.4,0.93177,51.265308,4.1873,2.286293624,10,0.50625,35,0.158,100,7,6.67,192,96.71111111
104,98.582106,0.048,29.6,1.904724,34.7,1.00722,28.454026,4.68635,2.89685836,10,0.50625,35,0.158,100,7,6.67,124.4444444,30.34074074
105,101.1304164,0.048,21.4,1.9431,33.4,0.96665,51.25809,4.17625,2.289043584,5,0.50625,35,0.158,100,7,6.67,167.1111111,104.2962963
106,101.8287356,0.048,21.4,1.962706,33.4,0.93265,51.265308,4.17389,2.286217324,10,0.50625,35,0.158,100,7,6.67,188.8395062,109.9851852
107,112.967344,0.048,21.4,1.977806,33.4,0.93762,51.259718,4.17447,2.435488884,15,0.50625,35,0.158,100,7,6.67,217.6790123,107.1407407
108,101.9629636,0.048,21.4,1.941554,33.4,0.97775,51.11238,4.17598,2.673197909,20,0.50625,35,0.158,100,7,6.67,175.0123457,107.1407407
109,102.7922104,0.048,21.4,1.927622,33.4,0.97493,54.1147,4.17942,3.067030669,30,0.50625,35,0.158,100,7,6.67,176.1975309,117.5703704
110,230,1,15.9,1.632278,25.71336,1.1,62.6,11.8,4.92199058,5.88,22.23,55,25,98.8,8.45,45,145.97,19.5
111,230,1,15.9,1.558372,28.25606,1.1,62.6,11.8,2.00414334,10.81,22.23,55,27,91.48,8.45,30,44.29,1.49
112,230,1,15.9,1.464264,27.06685,1.1,62.6,11.8,2.00039033,11.43,22.23,55,29,85.17,8.45,30,81.71,1.34
113,230,1,15.9,1.564568,28.43863,1.1,62.6,11.8,2.00349224,5.41,22.23,55,27,91.48,8.45,30,33.57,1.49
114,230,1,15.9,1.465798,27.06261,1.1,62.6,11.8,1.99971113,5.71,22.23,55,29,85.17,8.45,30,79.22,1.34
115,160.6316785,1.85,72.9,2.406492,18.08726,0.52,14.35292,8.3,0.16791374,10.7586,2.89,35,16.6,97.5,7,30,186.8,26.02272727
116,147.8836569,1.85,38.6,2.266228,27.28041,0.53,16.50622,8.4,0.795409891,10.3509,2.89,35,16.6,97.5,7,30,172.1,26.66666667
117,134.9809745,1.85,68.5,2.569118,24.97891,0.61,6.64948,8.67,0.213721633,10.5282,2.89,35,16.6,97.5,7,30,171.3,25.14893617
118,150.8594865,1.85,68.5,2.547482,24.67793,0.61,5.19825,8.67,1.021849316,38.187,3.42,35,16.6,97.5,7,30,184.4,28.9
119,150.2173065,1.85,68.5,2.547872,24.76548,0.61,5.10441,8.67,1.031855416,25.5532,3.42,35,16.6,97.5,7,30,168.8,28.3
120,127.0407011,1.85,68.5,2.575078,25.11708,0.61,6.69884,8.67,0.228332509,12.8123,3.42,35,16.6,97.5,7,30,178.2,22
121,126.4364349,1.85,68.5,2.576308,24.75759,0.61,6.58207,8.67,0.204733444,6.3883,3.42,35,16.6,97.5,7,30,163.9,29.07692308
122,109.8648508,0.6291946,57.82074,1.882638,26.4075,0.90139,41.2,6.4,0.4422,1.25,13.40348,37,11.5,85.7,7.1,2,152.4571429,125.4545455
123,109.7406444,0.6492093,58.13376,1.867576,26.13546,0.84187,41.2,6.4,0.4422,2.5,13.40348,37,11.5,85.7,7.1,2,195.4285714,138.1818182
124,111.1193044,0.703628,56.89521,1.796676,26.51102,0.85961,41.2,6.4,0.4422,3.75,13.40348,37,11.5,85.7,7.1,2,178.9714286,119.0909091
125,104.0595197,0.6212471,57.91987,1.877484,26.67143,0.89772,41.2,6.4,0.4422,5,13.40348,37,11.5,85.7,7.1,2,166.1714286,107.2727273
126,14.1846548,0.5897584,16.12624,1.574142,26.62672,1.32284,59.3,9.5,0.2107,1.25,13.40348,37,11.5,85.7,7.1,2,231.8181818,144.5454545
127,14.2376848,0.5799206,16.12074,1.580352,26.70223,1.31603,59.3,9.5,0.2107,2.5,13.40348,37,11.5,85.7,7.1,2,191.8181818,127.2727273
128,14.7200548,0.6379166,16.11716,1.584508,26.62572,1.32465,59.3,9.5,0.2107,3.75,13.40348,37,11.5,85.7,7.1,2,178.1818182,114.5454545
129,14.8384148,0.556035,16.24794,1.593912,26.72888,1.34832,59.3,9.5,0.2107,5,13.40348,37,11.5,85.7,7.1,2,170.9090909,103.6363636
130,0.62,5.3023993,49.38104,1.730506,35.30133,1.46114,20.5,8.61,3.6,0.65,3.5812,37,94.4,95.8,7.74,21,353.83,70.4675054
131,0.61,5.117431,50.93681,1.615544,32.30242,1.50127,22.7,10.19,3.6,0.65,3.5812,37,94.4,95.8,7.75,21,362.62,77.30961066
132,182,1.6173367,45.24739,3.42213,35.04072,0.68465,7.47395,8.54489,13.63928413,0.25,18.4985,37,19.25,92.4,7,15,280.02,75.71679677
133,182,1.4458849,45.37366,3.330694,34.148,0.69069,7.59971,8.51966,10.288878,0.5,18.4985,37,19.25,92.4,7,15,254.68,74.92065173
134,182,1.5027043,47.87867,2.583352,33.10768,0.6852,15.9791,8.2642,0.33486071,0.75,18.4985,37,19.25,92.4,7,15,319.84,101.6938115
135,182,1.5122897,47.84918,2.653086,32.9087,0.6818,15.92203,8.26352,0.30062691,1,18.4985,37,19.25,92.4,7,15,331.41,103.0000067
136,182,1.5032713,47.69047,2.46656,32.98227,0.67827,17.90356,8.25054,0.30775671,1.25,18.4985,37,19.25,92.4,7,15,313.11,99.86748392
137,192,1.3088208,43.7561,1.892004,33.18302,0.72053,23.52455,8.58891,3.398184004,7.5,4.256,55,25.39,83.81,7.41,28,740.3,123.7
138,192,1.3040665,46.08321,2.254298,32.62019,0.68189,21.83687,8.56725,2.049324215,15,4.256,55,25.39,83.81,7.41,28,701.3,134.3
139,192,1.2624201,45.57406,2.306838,32.9195,0.68905,21.60807,8.77042,1.411500825,22.5,4.256,55,25.39,83.81,7.41,28,625.6,99.2
140,192,1.2591477,45.39098,2.038058,33.1698,0.84749,23.48481,8.87533,1.864278825,30,4.256,55,25.39,83.81,7.41,28,584.2,98.7
141,192,1.2617681,45.40867,2.041958,32.67443,0.82508,23.36716,8.84699,1.864046225,37.5,4.256,55,25.39,83.81,7.41,28,562.7,69.5
142,21.3196,0.25,55.58332,1.945956,27.73268,0.90263,3.04588,6.78,0.641,6,0.003138,37,1.97,53.12,7,32,116.17,9.047619048
143,39.7573,0.25,56.5987,2.082516,26.98133,0.92425,13.43169,7.5,0.274,6,0.003138,37,1.97,53.12,7,32,110.1,8.412698413
144,31.7746,0.25,55.1435,2.100134,27.04854,0.9281,15.16126,7.92,0.2485,6,0.003138,37,1.97,53.12,7,32,108.4,9.365079365
145,58.0149,0.25,57.15194,2.068966,26.8648,0.9036,9.38268,6.4,0.268,6,0.003138,37,1.97,53.12,7,32,132.04,7.68
146,42.121,0.25,53.75111,2.080456,27.32565,0.89788,9.48611,6.82,0.1852,6,0.003138,37,1.97,53.12,7,32,123.48,8.777142857
147,31.1635,0.25,54.40983,2.090656,27.3989,0.90228,6.54144,7.08,0.1364,6,0.003138,37,1.97,53.12,7,32,114.95,9.325714286
148,206,0.375,69.76943,2.427446,18.54542,0.65471,30.73377,10.1,0.62,10.31,57.44,35,21.29,71.11,7,78,283,8.6
149,206,0.375,69.73369,2.357852,18.36091,0.65468,31.01378,10.1,0.62,15.63,46.64,35,21.29,71.11,7,78,245,6.6
150,206,0.375,69.81068,2.435,18.5462,0.65457,30.75667,10.1,0.62,10.31,57.44,35,21.29,71.11,7,78,288,8.8
151,206,0.375,69.76943,2.431586,18.54542,0.65464,30.75667,10.1,0.62,10.31,57.44,35,21.29,71.11,7,78,285,8.6
152,206,0.375,69.80345,2.349092,18.40996,0.65529,30.99736,10.1,0.62,10.31,81.08,35,21.29,71.11,7,78,248,5.8
153,206,0.375,69.81736,2.372996,18.44724,0.65512,30.95969,10.1,0.62,10.31,57.44,35,21.29,71.11,7,78,276,9.1
154,206,0.375,69.5948,2.44207,18.5357,0.68599,30.72462,10.1,0.62,13.43,62.84,35,21.29,71.11,6.8,78,292,8.9
155,206,0.375,69.82692,2.347082,18.44488,0.65575,30.99222,10.1,0.62,10.31,33.84,35,21.29,71.11,7,78,228,6.8
156,206,0.375,69.79671,2.356694,18.40527,0.65464,30.99516,10.1,0.62,15.32,57.44,35,21.29,71.11,7,78,202,6.4
157,206,0.375,69.89954,2.353342,18.32933,0.65211,30.94685,10.1,0.62,8.69,74.72,35,21.29,71.11,7,78,258,10.6
158,206,0.375,69.76582,2.362846,18.46322,0.65527,31.01126,10.1,0.62,10.31,57.44,35,21.29,71.11,7,78,270,6.5
159,206,0.375,69.91644,2.348488,18.45262,0.65204,30.96748,10.1,0.62,6.03,40.2,35,21.29,71.11,7,78,224,7.1
160,206,0.375,69.90577,2.345112,18.4289,0.65445,31.00173,10.1,0.62,6.03,68.28,35,21.29,71.11,7,78,232,4.8
161,206,0.375,69.4286,2.313332,18.47244,0.65527,32.74862,10.1,0.62,15.63,74.72,35,21.29,71.11,7.1,78,247,5.8
162,206,0.375,69.84809,2.360986,18.4467,0.65482,30.97432,10.1,0.62,8.69,46.64,35,21.29,71.11,7,78,267,7.2
163,206,0.375,69.88519,2.341958,18.41469,0.65357,30.97395,10.1,0.62,5.3,57.44,35,21.29,71.11,6.9,78,242,5.1
164,206,0.375,69.82813,2.351104,18.4443,0.65834,30.9714,10.1,0.62,7.17,52,35,21.29,71.11,7,78,193,8.1
165,206,0.375,69.83883,2.350038,18.45091,0.65477,30.99354,10.1,0.62,10.85,68.28,35,21.29,71.11,7,78,203,6.7
166,206,0.375,69.73338,2.341992,18.4378,0.6627,30.96293,10.1,0.62,10.85,40.2,35,21.29,71.11,7,78,177,5.6
167,206,0.375,69.68638,2.388376,18.50316,0.65429,32.11921,10.1,0.62,10.31,57.44,35,21.29,71.11,7.2,78,284,7.1
168,107,2,67.22844,2.416058,22.18115,0.62775,32.81446,8.4,0.21,3.67,19.91,35,27.92,67.8,7.6,72,243,6.8
169,117,2,68.03944,2.419344,22.41145,0.63166,30.52834,8.6,0.35,3.67,19.91,35,27.92,67.8,7,72,214,5.4
170,137,2,59.36313,2.166826,26.31872,0.96724,31.31935,9.3,0.46,3.67,19.91,35,27.92,67.8,6.8,72,238,7.4
171,177,2,52.18156,2.02678,27.55019,0.93088,32.13156,9.1,0.32,3.67,19.91,35,27.92,67.8,6.9,72,265,9
172,185,2,53.58324,2.021678,26.72539,0.99029,31.80285,9.5,0.43,3.67,19.91,35,27.92,67.8,6.7,72,226,7.6
173,202,2,69.67735,2.214452,20.68259,0.81312,30.54612,10,0.59,3.67,19.91,35,27.92,67.8,6.8,72,294,9.2
174,4,2,53.71819,1.960662,26.11752,1.86037,30.67979,9.9,1.42,3.67,19.91,35,27.92,67.8,7.2,72,225,7.1
175,7,2,51.99246,1.919222,25.00059,1.82009,29.03744,10,1.68,3.67,19.91,35,27.92,67.8,6.9,72,243,7.7
176,6,2,51.91094,1.945252,25.01358,1.82467,29.20063,10.2,1.73,3.67,19.91,35,27.92,67.8,6.9,72,224,7.1
177,157.2048442,1.2828986,46.94229,2.383732,32.62766,0.71091,20,8,0.3,0.67,28.0972,30,38.2,96.78010471,7,6,412.0832512,308.4885405
178,156.7187538,1.2839186,46.50326,2.379222,32.69577,0.70543,20,8,0.3,1.33,28.0972,30,38.2,96.78010471,7,6,394.0300454,267.4701622
179,156.6474938,1.2856586,46.50326,2.372678,32.71876,0.70592,20,8,0.3,2,28.0972,30,38.2,96.78010471,7,6,371.10064,288.8432432
180,156.2564442,1.3031137,46.47713,2.388912,32.71531,0.69525,20,8,0.3,2.67,28.0972,30,38.2,96.78010471,7,6,435.0371951,301.0696216
181,155.8195332,1.3110937,46.48207,2.389402,32.71531,0.69535,20,8,0.3,3.33,28.0972,30,38.2,96.78010471,7,6,446.52,278.8128649
182,150.7326182,1.2925172,46.90771,2.386172,32.67879,0.70343,20,8,0.3,5,28.0972,30,38.2,96.78010471,7,6,420.9952919,315.9074595
183,139.2141127,1.2170897,47.66495,2.483468,32.65078,0.68965,20,8,0.3,8,28.0972,30,38.2,96.78010471,7,6,510.4508027,364.1403243
184,89.2539797,1.2321617,53.22918,2.853616,30.97383,0.70267,4,6,0.117,0.67,28.0972,30,38.2,96.78010471,7,6,602.2673828,480.2513514
185,89.2447697,1.2254954,53.23106,2.954044,31.00567,0.70279,4,6,0.117,1.33,28.0972,30,38.2,96.78010471,7,6,646.0368018,492.6162162
186,89.0729518,1.2357057,52.86569,2.806894,31.05254,0.70045,4,6,0.117,2,28.0972,30,38.2,96.78010471,7,6,508.1630917,405.5675676
187,92.2828422,1.2516655,52.55413,2.667946,31.05119,0.71811,4,6,0.117,2.67,28.0972,30,38.2,96.78010471,7,6,425.0013564,330.3891892
188,92.4981081,1.2589645,52.58194,2.667946,31.05003,0.71811,4,6,0.117,3.33,28.0972,30,38.2,96.78010471,7,6,425.0013564,324.1243243
189,86.7657532,1.2596979,52.60513,2.673452,31.04874,0.70836,4,6,0.117,5,28.0972,30,38.2,96.78010471,7,6,446.8860659,319.1783784
190,82.0158359,1.2090597,52.70373,2.672802,31.08792,0.71562,4,6,0.117,8,28.0972,30,38.2,96.78010471,7,6,425.0013564,297.7459459
191,0.87,4.5820905,58.73496,2.583858,31.5735,1.57852,3.01501,6.885,0.95,10,11.8118911,35,6,77.3,7,10,686.0736429,288.4468587
192,0.87,4.5564182,57.27932,2.429518,31.82972,1.60063,3.4106,6.881,0.95,20,12.76727453,35,6,77.3,7,10,648.2169786,447.2644355
193,0.87,4.3555906,58.22522,2.580588,31.60341,1.60706,3.16556,6.87378,0.95,30,12.7569892,35,6,77.3,7,10,797.8404273,340.3022662
194,1.97,0.3863336,57.01993,2.33046,29.57545,1.68446,12.93858,7.51213,0.14,10,6.121214876,35,6,77.3,7,10,465.7404414,279.1546357
195,1.97,0.3944276,58.90602,2.71362,29.24289,1.7004,7.08998,7.36338,0.14,20,7.789944468,35,6,77.3,7,10,924.2423705,517.2609225
196,1.97,0.3889956,58.86036,2.72507,29.21321,1.67863,7.93247,7.35188,0.14,30,5.013291462,35,6,77.3,7,10,728.880679,234.0051466
197,7.11,0.3421889,51.37855,1.861778,31.27601,1.57693,4.61982,7.05131,3.5,10,1.991964616,35,6,77.3,7,10,488.030323,121.7041056
198,7.11,0.3906524,53.4037,1.92887,31.47258,1.54773,3.88709,6.92195,3.5,20,7.682332429,35,6,77.3,7,10,554.2195849,399.8981139
199,7.11,0.3884724,53.48688,2.083422,31.12195,1.58407,4.16052,6.8913,3.5,30,7.722682059,35,6,77.3,7,10,798.6113308,339.0460611
200,5.7,0.669,54,2.399834,29.83066,1.5343,6.8,7.3,0.338,10,0.05156,37,100,100,7.8,10,311.25,42.64954053
201,8,1.068,54,2.350552,31.75847,1.29127,4.7,7,0.35,10,0.05156,37,100,100,7.8,10,309.375,43.90393878
202,125.5706153,0.541,55.1,1.783728,25.34436,1.0161,24.4,8.9,0.18,10,0.03873,37,8.753648,77.9055216,7.8,32,30.28169014,7.265817125
203,96.935473,2.548,56,1.81201,28.49619,0.72052,24.9,7.3,0.273,10,0.03873,37,5.4915404,78.59556692,7.8,32,26.05633803,9.01240778
204,8,1.068,54,1.92842,28.56627,1.3416,4.7,7,0.35,10,0.03873,37,5.7490036,78.7182511,7.8,32,208.4507042,31.43549577
205,63.5306551,0.903,75.7,1.924278,11.11169,0.44831,4.2,8,0.06,10,0.03873,37,6.324088,80.06268193,7.8,32,61.97183099,13.20422535
206,389.4506314,1.85,42.94099,5.308236,26.77215,3.35685,35.07906,7.33051,509.82,25,50,41.647,22.2452252,80.48419841,7.5,100,531.609517,49.49244451
207,149.8907719,1.85,66.07895,3.829258,19.20119,0.51013,31.0302,7.99323,17.72,25,50,39.834,23.3072296,81.37393933,7.5,100,477.5404266,40.39630568
208,148.6917027,1.85,64.04837,3.718768,26.44418,0.61927,30.92938,7.78841,6.786,25,50,40.316,18.4910128,82.24772483,7.5,100,443.6108992,43.55342624
209,0.5916,8.4877,65.61,2.84,28.93,2.16,0.46,7,1.62413629,5,29.88,38,8,83,7,30,283.25,36.78
210,1.009,12.0224,57.43,1.24,39.8,1.38,0.15,7,3.61211029,5,29.88,38,8,83,7,30,310.66,24.87
211,774.4792,1.8567,39.13,12.8,42.97,4.5,0.6,7,329.0419483,5,29.88,38,8,83,7,30,319.44,25.09
212,0.5916,8.4877,65.61,2.84,28.93,2.16,0.46,7,1.61069859,10,29.88,38,8,83,7,30,293.14,36.78
213,1.009,12.0224,57.43,1.24,39.8,1.38,0.15,7,3.65936209,10,29.88,38,8,83,7,30,295.56,27.83
214,774.4792,1.8567,39.13,12.8,42.97,4.5,0.6,7,329.0403196,10,29.88,38,8,83,7,30,320.33,23.69
215,0.5916,8.4877,65.61,2.84,28.93,2.16,0.46,7,1.72025268,20,29.88,38,8,83,7,30,309.36,36.78
216,1.009,12.0224,57.43,1.24,39.8,1.38,0.15,7,4.56065199,20,29.88,38,8,83,7,30,291.76,27.83
217,774.4792,1.8567,39.13,12.8,42.97,4.5,0.6,7,335.0144463,20,29.88,38,8,83,7,30,291.42,25.09
218,0.5916,8.4877,65.61,2.84,28.93,2.16,0.46,7,1.97060081,40,29.88,38,8,83,7,30,333.56,36.78
219,1.009,12.0224,57.43,1.24,39.8,1.38,0.15,7,4.69583947,40,29.88,38,8,83,7,30,275.86,24.87
220,774.4792,1.8567,39.13,12.8,42.97,4.5,0.6,7,334.9792139,40,29.88,38,8,83,7,30,283.67,26.79
221,109.2,0.718596,29.53,1.33,6.5,3.75,58.89,8.17,280.8,0.5,0.003024,37,3.1,64,6,50,168.36,8.418
222,209,0.375,68.44716,3.47277,20.97697,0.6529,12.57178,9.26,10.27217342,0.3141553,5,35,21.69,72.01475334,9,20,128,6.4
223,209,0.375,72.9869,3.469006,11.43382,0.47613,31.54674,9.26,10.49007308,0.3141553,25,35,21.69,72.01475334,8.1,55,352,17.6
224,209,0.375,75.65909,3.915544,15.34098,0.49963,12.99295,9.26,24.43332703,0.3141553,50,35,21.69,72.01475334,8.96,40,206.4,10.32
225,211,0.375,89.1,3.424796,11.9954,0.47,12.59127,9.8,19.2303679,0.356590094,5,35,58.23,63.98763524,9.102978723,20,88.814,4.4407
226,211,0.375,89.1,3.36146,12.15252,0.47,32.06091,9.8,19.65912323,0.356590094,25,35,58.23,63.98763524,8.190638298,55,211.9225455,10.59612727
227,211,0.375,89.1,3.694892,12.33917,0.47,12.13189,9.8,37.12186418,0.356590094,50,35,58.23,63.98763524,8.122553191,40,203.7755,10.188775
,53.2,0.625,66.6,6.9,18.5,0.4,5.3,7.3,0.000000078,15,5,35,9.2,88.04,5.01,1,165.44,14.78
,248.6,0.625,74.5,4.8,12.2,0.4,7.8,9.2,0.000101429,15,5,35,9.2,88.04,5.01,1,169.14,19.06
,511.3,0.625,66.6,3.9,10.9,0.4,15,10,68.587,15,5,35,9.2,88.04,5.01,1,152.03,30.502
